<?xml version="1.0" encoding="UTF-8"?>
<!DOCTYPE mapper
  PUBLIC "-//mybatis.org//DTD Mapper 3.0//EN"
  "http://mybatis.org/dtd/mybatis-3-mapper.dtd">
<mapper namespace="BBS">

	<!-- 전체 게시글 갯수 조회 -->
	<select id="totalCount" resultType="int">
		SELECT COUNT(*) FROM BBS_T
	</select>
	
	<!-- 페이지에 표시할 게시글 조회 -->
	<select id="list" resultType="bbsVO" parameterType="map">
		SELECT *
		  FROM (SELECT ROWNUM R_NUM, B.*
		          FROM (SELECT *
		                  FROM BBS_T
		                 ORDER BY B_IDX DESC
		               ) B 
		       )
		 WHERE R_NUM BETWEEN #{begin} AND #{end}
	</select>

	<!-- 게시물 조회 -->
	<select id="one" parameterType="string" resultType="bbsVO">
		SELECT *
		FROM BBS_T
		WHERE B_IDX = #{b_idx}
	</select>
	
	<!-- ===============댓글 관련 =================== -->
	<!-- 댓글 목록 조회 -->
	<select id="commList" parameterType="String" resultType="com.bc.mybatis.CommVO">
		SELECT *
		FROM COMMENT_T
		WHERE B_IDX = #{b_idx}
		ORDER BY C_IDX DESC
	</select>
</mapper>











