<?xml version="1.0" encoding="UTF-8"?>
<beans xmlns="http://www.springframework.org/schema/beans"
	xmlns:xsi="http://www.w3.org/2001/XMLSchema-instance"
	xmlns:aop="http://www.springframework.org/schema/aop"
	xmlns:context="http://www.springframework.org/schema/context"
	xsi:schemaLocation="http://www.springframework.org/schema/beans http://www.springframework.org/schema/beans/spring-beans.xsd
		http://www.springframework.org/schema/context http://www.springframework.org/schema/context/spring-context-4.3.xsd
		http://www.springframework.org/schema/aop http://www.springframework.org/schema/aop/spring-aop-4.3.xsd">

	<context:component-scan base-package="com.spring.biz" />
	
	<!-- ===== AOP 설정(xmls:aop 추가) -->
	<!-- After : 어드바이스 동작시점 중 after에 적용할 어드바이스 객체 생성 -->
	<bean id="after" class="com.spring.biz.common.AfterAdvice" />
	
	<!-- 대상과 적용시점 설정 -->
	<aop:config>
		<!-- 대상설정(포인트컷) -->
		<aop:pointcut id="allPointcut" 
			expression="execution(* com.spring.biz..*Impl.*(..))" />
		<aop:pointcut id="getPointcut" 
			expression="execution(* com.spring.biz..*Impl.get*(..))" />
		<!-- 작업설정(연결) -->
		<aop:aspect ref="after">
			<!-- 핵심관심 메소드 실행 후 무조건(항상,언제나) afterLog 메소드 실행-->
			<aop:after pointcut-ref="allPointcut" method="afterLog"/>
		</aop:aspect>
	</aop:config>

</beans>
