<?xml version="1.0" encoding="UTF-8" ?>
<!DOCTYPE configuration
PUBLIC "-//mybatis.org//DTD Config 3.0//EN"
"http://mybatis.org/dtd/mybatis-3-config.dtd">

<configuration>
   <typeAliases>
      <typeAlias type="com.spring.ex01.MemberVO" alias="memberVO"/>
   </typeAliases>

   <environments default="development">
     <environment id="development">
        <transactionManager type="JDBC"/>
        <dataSource  type="POOLED">
            <property name="driver"  value="oracle.jdbc.driver.OracleDriver" />
            <property  name="url"    value="JDBC:oracle:thin:@localhost:1521:XE" />
            <property name="username" value="scott" />
            <property name="password"  value="tiger"/>        
        </dataSource>
     </environment>
   </environments>

<mappers>
   <mapper resource="mybatis/mappers/member.xml"/>
</mappers>
</configuration>
