<?xml version="1.0" encoding="UTF-8" ?>
<!DOCTYPE mapper
  PUBLIC "-//mybatis.org//DTD Mapper 3.0//EN"
  "http://mybatis.org/dtd/mybatis-3-mapper.dtd">
<mapper namespace="member2">
	<!-- select 태그 3개 속성 id, resultType, parameterType id : 사용할 명칭(필수), 현재 Mapper에서 
		유일한 이름 사용 resultType : 조회 결과 값을 저장하기 위한 데이터 타입(형태) (데이터 하나에 대한 타입 지정) parameterType 
		: 전달 받은 파라미더 데이터 타입 지정(선택적) -->
	<select id="selectAll" resultType="com.mystudy.mybatis.MemberVO">
		SELECT IDX, ID, PWD, NAME,
		AGE, ADDRESS, REG
		FROM MEMBER2
		ORDER BY IDX
	</select>

	<select id="selectOne" parameterType="String"
		resultType="memberVO">
		SELECT IDX, ID, PWD, NAME, AGE, ADDRESS, REG
		FROM MEMBER2
		WHERE ID = #{id}

	</select>

	<insert id="insertMember" parameterType="memberVO">
		INSERT INTO MEMBER2
		(IDX, ID, PWD, NAME, AGE, ADDRESS, REG)
		VALUES(MEMBER2_SEQ.NEXTVAL, #{id}, #{pwd}, #{name},
		#{age}, #{address}, SYSDATE)
	</insert>
	
	<delete id="deleteMember" parameterType="String">
		DELETE FROM MEMBER2
		WHERE ID = #{id}
	</delete>
</mapper>