<?xml version="1.0" encoding="UTF-8"?>

<!DOCTYPE mapper
	PUBLIC "-//mybatis.org//DTD Mapper 3.0//EN"
	"http://mybatis.org/dtd/mybatis-3-mapper.dtd">

<mapper namespace="mappers.board">

	<resultMap id="boardResult" type="boardVO">
		<result property="bno" column="bno" />
		<result property="p_bno" column="p_bno" />
		<result property="level" column="level" />
		<result property="title" column="title" />
		<result property="content" column="content" />
		<result property="imgName" column="imgName" />
		<result property="id" column="id" />
		<result property="regdate" column="regdate" />
		
	</resultMap>	
	
	
	
	<!-- 상연 -->
	<select id="boardList" resultType="boardVO">
		select t.bno , t.p_bno , t.content, t.id, regdate, level from t_board t start with t.p_bno is null connect by prior t.bno = t.p_bno
	</select>
	
	

	
</mapper>