<?xml version="1.0" encoding="UTF-8"?>
<beans xmlns="http://www.springframework.org/schema/beans"
	xmlns:xsi="http://www.w3.org/2001/XMLSchema-instance"
	xmlns:context="http://www.springframework.org/schema/context"
	xmlns:aop="http://www.springframework.org/schema/aop"
	xsi:schemaLocation="http://www.springframework.org/schema/beans http://www.springframework.org/schema/beans/spring-beans.xsd
		http://www.springframework.org/schema/context http://www.springframework.org/schema/context/spring-context-4.3.xsd
		http://www.springframework.org/schema/aop http://www.springframework.org/schema/aop/spring-aop-4.3.xsd">

	<context:component-scan base-package="com.spring.biz" />
	
	<!-- ===== AOP 설정(xmls:aop 추가) -->
	<!-- After Returning : 정상실행 후 적용할 어드바이스 객체 -->
	<bean id="afterReturn" class="com.spring.biz.common.AfterReturningAdvice"/>
	
	<!-- 대상과 적용시점 설정 -->
	<aop:config>
		<!-- 대상설정(포인트컷) -->
		<aop:pointcut id="allPointcut" 
			expression="execution(* com.spring.biz..*Impl.*(..))" />
		<aop:pointcut id="getPointcut" 
			expression="execution(* com.spring.biz..*Impl.get*(..))" />
		<!-- 어드바이스와 포인트 컷 연결 -->
		<aop:aspect ref="afterReturn">
			<!-- 핵심관심 메소드 정상실행 후 afterReturnLog 메소드 실행 -
			returning 속성 : 리턴되는 객체를 전달받을 파라미터 변수명 지정->
			<aop:after-returning pointcut-ref="allPointcut" method="afterReturnLog"
			returning="returnObj" />
		</aop:aspect>
	</aop:config>
</beans>















