<?xml version="1.0" encoding="UTF-8" ?>
<!DOCTYPE configuration 	PUBLIC "-//mybatis.org//DTD Config 3.0//EN"
	"http://mybatis.org/dtd/mybatis-3-config.dtd">

<configuration>
	
	<settings>
  		<setting name="cacheEnabled" value="false"/>
  		<setting name="jdbcTypeForNull" value="NULL" />
  		<setting value="VARCHAR" name="jdbcTypeForNull"/>
  	</settings>
  
  <typeAliases>
  	<typeAlias type="com.project.board.vo.BoardVO" alias = "BoardVO"/>

  </typeAliases>
  
 
</configuration>



